{
  "version": "2022.2",
  "applications": [],
  "platforms": [
    {
      "name": "ltc_platform"
    }
  ],
  "systems": [
    {
      "name": "ltc_system",
      "platform": "E:/Projekte/MSE_Projektarbeit2/ltc_acceleration/vitis/workspace/ltc_platform/export/ltc_platform/ltc_platform.xpfm",
      "sysConfig": "ltc_platform",
      "buildConfig": "Debug",
      "applications": [
        {
          "name": "ltc_application",
          "platform": "E:/Projekte/MSE_Projektarbeit2/vitis/workspace/ltc_platform/export/ltc_platform/ltc_platform.xpfm",
          "platformPath": "E:\\Projekte\\ltc_acceleration\\vitis\\workspace\\ltc_platform\\export\\ltc_platform",
          "sysConfig": "ltc_platform",
          "domain": "freertos10_xilinx_domain",
          "system": "ltc_system"
        }
      ],
      "platformPath": "E:\\Projekte\\ltc_acceleration\\vitis\\workspace\\ltc_platform\\export\\ltc_platform"
    }
  ],
  "others": []
}